datetime,id,att_rating,def_rating,overall_rating
2023-08-11 19:00:00,92,984.197152,2021.57336,3005.770512
2023-08-11 19:00:00,88,1978.42664,2015.802848,3994.229488
2023-08-12 11:30:00,83,1779.6413907043404,1081.0363288637961,2860.6777195681366
2023-08-12 11:30:00,249,1090.6844909429005,1142.9287879933208,2233.6132789362214
2023-08-12 14:00:00,73,1113.6819065740547,1445.4330182101683,2559.114924784223
2023-08-12 14:00:00,81,1315.4591879074947,1421.0323730851114,2736.491560992606
2023-08-12 14:00:00,220,1922.3489743527637,966.4509981448025,2888.799972497566
2023-08-12 14:00:00,256,1033.5490018551975,943.5280809884241,1977.0770828436216
2023-08-12 14:00:00,72,1299.283900571157,1006.2539247055036,2305.5378252766604
2023-08-12 14:00:00,228,1255.1187111398808,975.6035630347172,2230.722274174598
2023-08-12 14:00:00,238,979.988009213389,1511.0150896835978,2491.0030988969866
2023-08-12 14:00:00,78,1135.564123783844,1552.8254920089746,2688.3896157928184
2023-08-12 16:30:00,86,1938.330742060165,1456.019421125355,3394.3501631855197
2023-08-12 16:30:00,71,1316.555273789134,1382.7112161916816,2699.2664899808155
2023-08-13 13:00:00,244,1506.0468134523303,1530.9095634920104,3036.9563769443407
2023-08-13 13:00:00,82,1462.552194225641,1515.73615625151,2978.2883504771507
2023-08-13 15:30:00,80,1359.4909454093133,1445.670346801399,2805.1612922107124
2023-08-13 15:30:00,87,1903.7551643612364,1402.9395545781465,3306.694718939383
2023-08-14 19:00:00,89,1742.1460017374252,1208.6925214554185,2950.8385231928437
2023-08-14 19:00:00,229,1027.5790683955354,1241.651726673999,2269.2307950695345
2023-08-18 18:45:00,249,1101.0912430414617,1537.479252499385,2638.5704955408464
2023-08-18 18:45:00,238,953.5238463976018,1500.6083375850367,2454.1321839826387
2023-08-19 14:00:00,229,1066.9391259025213,936.4525119614844,2003.3916378640056
2023-08-19 14:00:00,220,1952.3474605360816,927.0909406378166,2879.4384011738985
2023-08-19 14:00:00,228,1225.2430867626215,1489.390103778057,2714.6331905406787
2023-08-19 14:00:00,244,1547.5662731662837,1560.7851878692697,3108.3514610355533
2023-08-19 14:00:00,87,1949.793965781908,1438.3781147364518,3388.1720805183595
2023-08-19 14:00:00,73,1120.736810047771,1399.3942167894968,2520.131026837268
2023-08-19 16:30:00,82,1488.616104360721,1182.7012159246756,2671.317320285397
2023-08-19 16:30:00,89,1768.1373072681681,1182.6286113203385,2950.765918588507
2023-08-19 19:00:00,88,1949.1619854257679,1498.6865284746168,3447.8485139003847
2023-08-19 19:00:00,86,1895.6636347109031,1485.284075699587,3380.94771041049
2023-08-20 13:00:00,71,1362.664102116286,1031.0230386871929,2393.6871408034785
2023-08-20 13:00:00,72,1274.5147865894676,960.1450963783515,2234.659882967819
2023-08-20 15:30:00,81,1327.9671941152114,1439.4019792105823,2767.369173325794
2023-08-20 15:30:00,80,1365.75931300013,1433.1623405936823,2798.921653593812
2023-08-21 19:00:00,78,1117.3301076746939,1063.5104438270291,2180.840551501723
2023-08-21 19:00:00,83,1797.1672757411075,1099.2703449729463,2896.437620714054
2023-08-25 19:00:00,80,1410.5050147408144,965.7044085263631,2376.2094232671775
2023-08-25 19:00:00,256,1011.3726743172585,898.7823792477399,1910.1550535649985
2023-08-26 11:30:00,73,1086.9749448306236,1158.742721341206,2245.7176661718295
2023-08-26 11:30:00,82,1512.5745989441905,1216.463081141823,2729.0376800860136
2023-08-26 14:00:00,83,1848.3200476458771,1518.9849129811041,3367.3049606269815
2023-08-26 14:00:00,228,1195.6482775595744,1438.2373318732873,2633.8856094328617
2023-08-26 14:00:00,244,1503.1166173605498,1063.9858380122016,2567.102455372751
2023-08-26 14:00:00,78,1116.8547134895214,1107.960099632763,2224.8148131222842
2023-08-26 14:00:00,72,1269.3457383356247,945.9766883242547,2215.3224266598795
2023-08-26 14:00:00,229,1057.414949539751,941.6215602153275,1999.0365097550784
2023-08-26 14:00:00,89,1815.0451169991443,1553.1834310726147,3368.228548071759
2023-08-26 14:00:00,249,1085.387064468232,1490.5714427684088,2575.958507236641
2023-08-26 16:30:00,220,1928.5788133325643,1410.45450331951,3339.033316652074
2023-08-26 16:30:00,81,1356.9146700062838,1463.1706264140996,2820.085296420383
2023-08-27 13:00:00,92,955.3514454611231,965.293581809331,1920.6450272704542
2023-08-27 13:00:00,71,1428.3935589941477,1059.8687452260697,2488.2623042202176
2023-08-27 13:00:00,238,946.607255349693,1430.2984735227503,2376.9057288724434
2023-08-27 13:00:00,88,2017.5500403776343,1505.6031195225255,3523.15315990016
2023-08-27 15:30:00,86,1882.8294117500977,1478.4457968396212,3361.275208589719
2023-08-27 15:30:00,87,1909.7262836787386,1451.2123376972572,3360.938621375996
2023-09-01 19:00:00,256,1046.8546389701169,1500.5857229998571,2547.440361969974
2023-09-01 19:00:00,81,1319.4995734205263,1427.6886617612413,2747.1882351817676
2023-09-02 11:30:00,238,949.2712601504519,895.3064612082659,1844.5777213587178
2023-09-02 11:30:00,72,1320.0159654516135,943.3126835234958,2263.3286489751094
2023-09-02 14:00:00,88,2013.8539091335708,1428.4067635824129,3442.2606727159837
2023-09-02 14:00:00,228,1205.4788458504488,1441.9334631173508,2647.4123089677996
2023-09-02 14:00:00,244,1543.6546243100406,1137.944797254531,2681.5994215645715
2023-09-02 14:00:00,73,1107.7728689172986,1118.2047143917152,2225.977583309014
2023-09-02 14:00:00,92,972.9198893685519,1214.7562186565058,2187.6761080250576
2023-09-02 14:00:00,82,1514.2814614295078,1198.8946372343942,2713.176098663902
2023-09-02 14:00:00,80,1441.6447586152797,1509.8458254103427,2951.4905840256224
2023-09-02 14:00:00,249,1066.112681826298,1459.4316988939436,2525.544380720242
2023-09-02 16:30:00,220,1905.750655762855,1517.9595611702664,3423.7102169331215
2023-09-02 16:30:00,86,1843.3156474194525,1501.2739544093304,3344.589601828783
2023-09-03 13:00:00,78,1136.662063688314,952.1501197109958,2088.81218339931
2023-09-03 13:00:00,229,1046.8863900440826,921.8142100165348,1968.7006000606175
2023-09-03 13:00:00,87,1910.7559727287694,1090.8615443552612,3001.6175170840306
2023-09-03 13:00:00,71,1397.4007598649562,1058.8390561760389,2456.239816040995
2023-09-03 15:30:00,83,1852.809223273968,1582.9284641543793,3435.7376874283473
2023-09-03 15:30:00,89,1785.3000839173797,1548.6942554445238,3333.9943393619033
2023-09-16 11:30:00,229,1014.4612430597132,1101.021525391209,2115.4827684509223
2023-09-16 11:30:00,87,1900.5959916928216,1123.2866913396308,3023.8826830324524
2023-09-16 14:00:00,82,1500.6755071991895,909.599472535067,2410.2749797342567
2023-09-16 14:00:00,238,934.9782488236508,908.912415438584,1843.8906642622348
2023-09-16 14:00:00,81,1301.8594917758526,1355.1609500524855,2657.0204418283383
2023-09-16 14:00:00,88,2087.099722663498,1446.0468452270866,3533.1465678905847
2023-09-16 14:00:00,71,1401.4954081731094,969.9084748932897,2371.403883066399
2023-09-16 14:00:00,78,1118.9037085060202,948.0554714028426,2066.959179908863
2023-09-16 14:00:00,228,1225.3519866258302,1487.336332877531,2712.6883195033615
2023-09-16 14:00:00,256,1060.104029092443,1480.7125822244757,2540.8166113169186
2023-09-16 14:00:00,89,1747.7079293920783,1514.602553409029,3262.3104828011074
2023-09-16 14:00:00,220,1909.1076635240925,1555.5517156955677,3464.65937921966
2023-09-16 16:30:00,86,1809.8883591848423,1170.6567986855457,2980.545157870388
2023-09-16 16:30:00,244,1510.942622879026,1171.3720854891412,2682.314708368167
2023-09-17 13:00:00,73,1115.85850515415,1529.181573083195,2645.040078237345
2023-09-17 13:00:00,80,1422.3090109424274,1501.7601891734914,2924.0692001159186
2023-09-17 15:30:00,72,1285.1790788404169,1660.0988766584783,2945.277955498895
2023-09-17 15:30:00,83,1775.638810769869,1617.765350765576,3393.404161535445
2023-09-18 18:45:00,249,1044.129007031305,1221.6795032994235,2265.8085103307285
2023-09-18 18:45:00,92,965.9966047256343,1236.7398934514988,2202.736498177133
2023-09-23 14:00:00,256,1088.7872025372103,1110.5504150464405,2199.337617583651
2023-09-23 14:00:00,229,1004.9323534044817,1072.3383519464417,2077.2707053509234
2023-09-23 14:00:00,88,2043.0811379910306,1234.4226856842488,3277.5038236752794
2023-09-23 14:00:00,249,1031.3858246464797,1265.698087971891,2297.083912618371
2023-09-23 14:00:00,78,1091.685173386776,1537.5943717993807,2629.2795451861566
2023-09-23 14:00:00,228,1175.0939477039806,1514.5548679967753,2689.648815700756
2023-09-23 16:30:00,244,1518.4591247923436,1628.806434457548,3147.2655592498913
2023-09-23 16:30:00,72,1316.4715210413472,1652.5823747451607,2969.053895786508
2023-09-23 19:00:00,92,965.2319913968003,1560.6632161491527,2525.895207545953
2023-09-23 19:00:00,89,1701.6472666519546,1515.367166737863,3217.014433389818
2023-09-24 13:00:00,80,1386.2192098693672,979.4507334523183,2365.6699433216854
2023-09-24 13:00:00,71,1391.9531496140808,1005.99827596635,2397.9514255804306
2023-09-24 13:00:00,220,1918.9232107321382,1510.6836596677344,3429.6068703998726
2023-09-24 13:00:00,73,1134.3564185696105,1519.3660258751493,2653.7224444447597
2023-09-24 13:00:00,83,1754.5692360735761,880.0713264705536,2634.64056254413
2023-09-24 13:00:00,82,1530.203653263703,930.6690472313599,2460.872700495063
2023-09-24 13:00:00,87,1973.9959986966883,1362.3494382645915,3336.34543696128
2023-09-24 13:00:00,81,1294.6710035637466,1281.7609430486189,2576.431946612365
2023-09-24 15:30:00,238,912.7077295346447,1094.2900796875588,2006.9978092222036
2023-09-24 15:30:00,86,1886.2550781828295,1192.927317974552,3079.1823961573814
2023-09-30 11:30:00,71,1410.8657798414024,1551.4728265881215,2962.3386064295237
2023-09-30 11:30:00,220,1878.134043811751,1491.7710294404128,3369.9050732521637
2023-09-30 14:00:00,72,1383.9944225568663,1091.7605695163354,2475.7549920732017
2023-09-30 14:00:00,256,1107.5770480673154,1043.0275135309214,2150.6045615982366
2023-09-30 14:00:00,89,1697.8326425228313,1533.6510944379422,3231.4837369607735
2023-09-30 14:00:00,78,1095.6284507482144,1541.408995928504,2637.0374466767184
2023-09-30 14:00:00,86,1932.0551401335085,1575.4896137823266,3507.544753915835
2023-09-30 14:00:00,92,950.4055937636263,1514.8631541984737,2465.2687479621
2023-09-30 14:00:00,73,1087.9537732793399,795.7595165940752,1883.713289873415
2023-09-30 14:00:00,83,1838.8810459500544,926.4739717608243,2765.3550177108787
2023-09-30 14:00:00,81,1345.8938737643819,1099.9101452559064,2445.8040190202883
2023-09-30 14:00:00,238,907.087663966297,1043.0672094869235,1950.1548734532205
2023-09-30 14:00:00,229,985.2349013820639,1301.999613365524,2287.234514747588
2023-09-30 14:00:00,88,1975.5042103097553,1254.1201377066666,3229.624348016422
2023-09-30 16:30:00,82,1548.32662732371,1436.4585224059306,2984.7851497296406
2023-09-30 16:30:00,87,1899.8869145553492,1344.2264642045845,3244.1133787599338
2023-10-01 13:00:00,249,1026.0035882468414,1630.2799626106057,2656.283550857447
2023-10-01 13:00:00,244,1516.9855966392859,1634.1886708571863,3151.174267496472
2023-10-02 19:00:00,228,1142.3253498156862,957.4290887509471,2099.7544385666333
2023-10-02 19:00:00,80,1408.2408545707383,1012.2193313406128,2420.460185911351
2023-10-03 18:30:00,256,1123.1963680136084,1530.94048246212,2654.1368504757284
2023-10-03 18:30:00,92,934.32826549998,1499.2438342521807,2433.5720997521607
2023-10-07 11:30:00,256,1111.5049089405022,1405.410854085719,2516.915763026221
2023-10-07 11:30:00,82,1579.3742956439216,1448.1499814790368,3027.5242771229587
2023-10-07 14:00:00,92,918.9227195539828,991.8178117190439,1910.7405312730266
2023-10-07 14:00:00,80,1428.6423741923072,1027.6248772866102,2456.2672514789174
2023-10-07 14:00:00,72,1404.0104998375552,814.2288751444124,2218.2393749819676
2023-10-07 14:00:00,73,1069.4844147290028,775.7434393133864,1845.227854042389
2023-10-07 14:00:00,228,1164.7670368215672,1085.1627765811145,2249.9298134026817
2023-10-07 14:00:00,238,864.9920968721059,1020.6255224810426,1885.6176193531485
2023-10-07 14:00:00,89,1688.2977562031294,1650.6986371044277,3338.996393307557
2023-10-07 14:00:00,244,1500.4756303920444,1643.723557176888,3144.1991875689328
2023-10-07 16:30:00,78,1094.7060624338578,1622.2660256032798,2716.972088037138
2023-10-07 16:30:00,249,1034.0175252541674,1631.2023509249623,2665.2198761791296
2023-10-08 13:00:00,220,1883.0333339845395,1322.6292416496728,3205.6625756342123
2023-10-08 13:00:00,87,1921.484137110261,1339.3271740317962,3260.811311142057
2023-10-08 13:00:00,81,1333.291701377425,1599.1123052889884,2932.4040066664134
2023-10-08 13:00:00,86,1908.4324486268467,1588.0917861692835,3496.5242347961303
2023-10-08 13:00:00,229,1014.3866930559992,1544.6055345569578,2558.992227612957
2023-10-08 13:00:00,71,1417.7330718725661,1522.3210349141862,2940.0541067867525
2023-10-08 15:30:00,83,1773.6184544155035,1338.3728351690168,3111.99128958452
2023-10-08 15:30:00,88,1891.2515128474051,1319.3827292412175,3210.6342420886226
2023-10-21 11:30:00,87,1876.3349844163195,867.4610161075788,2743.7960005238983
2023-10-21 11:30:00,72,1350.778358874389,859.3780278383538,2210.1563867127425
2023-10-21 14:00:00,73,1068.75687071982,1532.254205016451,2601.011075736271
2023-10-21 14:00:00,229,1026.738022596506,1545.3330785661406,2572.0711011626463
2023-10-21 14:00:00,244,1532.4281096737095,997.0538369993826,2529.4819466730924
2023-10-21 14:00:00,92,913.6866942736441,959.8653324373789,1873.552026711023
2023-10-21 14:00:00,88,1848.6862586054033,1365.004075325512,3213.6903339309156
2023-10-21 14:00:00,220,1840.6585003087002,1365.1944958916747,3205.852996200375
2023-10-21 14:00:00,86,1979.3078520292313,1620.3231951126836,3599.6310471419147
2023-10-21 14:00:00,78,1096.648892924454,1551.3906222008952,2648.039515125349
2023-10-21 14:00:00,249,1112.2051843724917,1388.3667741561028,2500.571958528594
2023-10-21 14:00:00,256,1128.5489888701184,1327.2231949673946,2455.772183837513
2023-10-21 16:30:00,80,1432.8619038294435,1393.4888127682534,2826.350716597697
2023-10-21 16:30:00,83,1718.5024768162668,1334.1533055318805,3052.655782348147
2023-10-21 19:00:00,238,887.4818859623424,1687.3970069160523,2574.8788928783947
2023-10-21 19:00:00,89,1651.5993863915048,1628.208848014191,3279.8082344056957
2023-10-22 15:30:00,71,1454.1494991774503,1622.6606364276197,3076.81013560507
2023-10-22 15:30:00,81,1309.7433702387937,1562.6958779841043,2872.4392482228977
2023-10-23 19:00:00,82,1559.6495628670991,1101.7455546107278,2661.3951174778267
2023-10-23 19:00:00,228,1148.1842587919539,1104.887509357937,2253.071768149891
2023-10-27 19:00:00,78,1063.1247202750617,1120.4253195331453,2183.5500398082067
2023-10-27 19:00:00,82,1540.9697979446817,1135.2697272601201,2676.239525204802
2023-10-28 11:30:00,80,1417.1070894214822,967.1086449264594,2384.2157343479416
2023-10-28 11:30:00,244,1562.3733017466327,1012.8086514073437,2575.1819531539763
2023-10-28 14:00:00,73,1048.2495823428735,959.573856201703,2007.8234385445767
2023-10-28 14:00:00,92,913.97817050932,980.3726208143253,1894.3507913236454
2023-10-28 14:00:00,83,1772.7656010250885,1722.3043382771746,3495.0699393022633
2023-10-28 14:00:00,238,852.5745546012201,1633.1338827072307,2485.708437308451
2023-10-28 16:30:00,229,1023.6023963972324,1605.9726561505367,2629.5750525477692
2023-10-28 16:30:00,86,1993.6583909913782,1623.458821311957,3617.1172123033352
2023-10-29 13:00:00,81,1249.7129575212282,879.6378083971002,2129.3507659183283
2023-10-29 13:00:00,72,1330.5185783156423,919.4084405559194,2249.927018871562
2023-10-29 14:00:00,71,1505.7407584629086,1348.4676008028732,2854.208359265782
2023-10-29 14:00:00,256,1107.3045830346398,1275.6319356819363,2382.936518716576
2023-10-29 14:00:00,220,1798.217170116413,1130.412884075828,2928.630054192241
2023-10-29 14:00:00,228,1122.6588840740628,1147.3288395502243,2269.9877236242874
2023-10-29 14:00:00,87,1900.7097256388784,1434.489750299762,3335.1994759386403
2023-10-29 14:00:00,249,1066.0822082288325,1363.992032933544,2430.0742411623764
2023-10-29 15:30:00,89,1611.9881917597631,1262.6620700641945,2874.6502618239574
2023-10-29 15:30:00,88,1951.0282638667209,1404.6152699572538,3355.6435338239744
2023-11-04 12:30:00,228,1117.2131305304215,1313.4362345759475,2430.6493651063693
2023-11-04 12:30:00,89,1561.21402724801,1268.1078236078358,2829.3218508558457
2023-11-04 15:00:00,244,1532.320758844338,883.0870542638329,2415.4078131081706
2023-11-04 15:00:00,81,1246.2637116544956,909.6903512993952,2155.9540629538906
2023-11-04 15:00:00,92,923.9208938580102,1127.2683159991811,2051.1892098571916
2023-11-04 15:00:00,78,1056.2817238090258,1110.4825961844551,2166.764319993481
2023-11-04 15:00:00,72,1289.1933500528726,1220.098720290378,2509.2920703432505
2023-11-04 15:00:00,220,1708.531333901863,1171.7381123385978,2880.2694462404606
2023-11-04 15:00:00,88,1927.615826456324,976.7209154653143,2904.3367419216383
2023-11-04 15:00:00,73,1031.1025230792623,982.9862936121,2014.0888166913624
2023-11-04 15:00:00,238,863.5665761298956,1598.489257751253,2462.055833881149
2023-11-04 15:00:00,229,1031.085794796516,1594.9806346218613,2626.066429418377
2023-11-04 17:30:00,86,1971.598334092391,1761.9935995348187,3733.59193362721
2023-11-04 17:30:00,83,1733.0763397674443,1744.3643951761617,3477.440734943606
2023-11-05 14:00:00,249,1044.7185520473554,1360.1576266445568,2404.876178691912
2023-11-05 14:00:00,71,1494.050732621225,1369.8312569843504,2863.8819896055757
2023-11-05 16:30:00,256,1113.9007569443695,1405.5375182638616,2519.438275208231
2023-11-05 16:30:00,87,1929.6619576747787,1427.8935763900322,3357.5555340648107
2023-11-06 20:00:00,82,1489.4552650382484,888.4030613516396,2377.858326389888
2023-11-06 20:00:00,80,1495.812672996302,1018.6231778328928,2514.435850829195
2023-11-11 12:30:00,229,1037.131318614853,923.2670322331501,1960.398350848003
2023-11-11 12:30:00,82,1454.591294156738,882.3575375333027,2336.9488316900406
2023-11-11 15:00:00,83,1744.805907646614,1144.0725662601426,2888.878473906757
2023-11-11 15:00:00,92,907.1166435970488,1115.5387481200114,2022.6553917170602
2023-11-11 15:00:00,78,1077.6418933625948,1218.3345786897914,2295.9764720523863
2023-11-11 15:00:00,72,1290.957491653459,1198.738550736809,2489.6960423902683
2023-11-11 15:00:00,89,1599.9108190031873,1438.2733587345097,3038.1841777376967
2023-11-11 15:00:00,256,1081.1649164737214,1366.8407265086844,2448.005642982406
2023-11-11 17:30:00,73,1099.7348574589807,1859.2815719242585,2959.0164293832395
2023-11-11 17:30:00,86,1874.3103617029512,1693.3612651551002,3567.6716268580512
2023-11-12 14:00:00,71,1535.5990730419883,1334.12297717064,2869.7220502126283
2023-11-12 14:00:00,228,1096.526387935729,1271.8878941551843,2368.4142820909133
2023-11-12 14:00:00,220,1689.9102637825688,1607.8908143919575,3297.801078174526
2023-11-12 14:00:00,238,854.1650194891912,1617.1103278705473,2471.2753473597386
2023-11-12 14:00:00,87,1867.8262588747953,888.8528356524388,2756.679094527234
2023-11-12 14:00:00,244,1526.554977455732,944.9227530638163,2471.4777305195485
2023-11-12 14:00:00,81,1271.0901659660076,1371.0069365296695,2642.097102495677
2023-11-12 14:00:00,249,1033.8692421622427,1335.3311723330448,2369.2004144952875
2023-11-12 16:30:00,80,1538.1193106569463,963.9524613360642,2502.0717719930103
2023-11-12 16:30:00,88,1940.384280585574,934.4142778046701,2874.798558390244
2023-11-25 12:30:00,88,1887.1650742132433,969.2089047108153,2856.3739789240585
2023-11-25 12:30:00,87,1787.4701898164187,942.0720420247695,2729.5422318411884
2023-11-25 15:00:00,92,923.310021247642,1383.2300501633194,2306.5400714109614
2023-11-25 15:00:00,81,1258.8670523323576,1354.8135588790763,2613.6806112114336
2023-11-25 15:00:00,256,1069.1061679934642,1194.8325931175095,2263.9387611109737
2023-11-25 15:00:00,78,1101.1438789348767,1230.3933271700487,2331.5372061049256
2023-11-25 15:00:00,86,1846.794414710457,978.1517177385717,2824.9461324490285
2023-11-25 15:00:00,80,1523.9200542544386,991.4684083285586,2515.388462582997
2023-11-25 15:00:00,249,1079.3031950212269,1632.3846623835614,2711.6878574047882
2023-11-25 15:00:00,220,1665.416415790965,1562.4568615329733,3227.873277323938
2023-11-25 15:00:00,238,858.741270113044,1782.9739056877536,2641.7151758007976
2023-11-25 15:00:00,73,1176.0425236954857,1854.7053213004058,3030.7478449958917
2023-11-25 17:30:00,244,1514.3752829111456,1178.0122716663357,2692.3875545774813
2023-11-25 17:30:00,83,1710.866202240421,1156.2522608047288,2867.11846304515
2023-11-26 14:00:00,82,1475.8303350931383,1341.7893508892928,2817.6196859824313
2023-11-26 14:00:00,71,1527.9326993233356,1312.8839362342399,2840.8166355575754
2023-11-26 16:30:00,72,1332.4035086225217,1435.7048679687935,2768.1083765913154
2023-11-26 16:30:00,89,1602.4793097689035,1396.8273417654473,2999.3066515343507
2023-11-27 20:00:00,228,1122.0533226550876,910.4650727727818,2032.5183954278696
2023-11-27 20:00:00,229,1049.9332780752213,897.7400975137914,1947.6733755890127
2023-12-02 15:00:00,83,1726.8883018565666,907.9357633804707,2634.8240652370373
2023-12-02 15:00:00,229,1039.737612208542,881.7179978976457,1921.4556101061876
2023-12-02 15:00:00,244,1563.2763938118871,1235.662008955259,2798.938402767146
2023-12-02 15:00:00,256,1028.2767521557148,1145.931482216768,2174.208234372483
2023-12-02 15:00:00,92,989.1150525859889,1794.245641083694,2783.360693669683
2023-12-02 15:00:00,238,847.4695347171037,1717.1688743494067,2564.6384090665106
2023-12-02 17:30:00,249,1062.9393013984793,1457.3249559400897,2520.264257338569
2023-12-02 17:30:00,72,1310.7834206512255,1452.068761591541,2762.8521822427665
2023-12-02 20:00:00,86,1879.86788095259,1470.077806554292,3349.9456875068818
2023-12-02 20:00:00,89,1529.2288449800587,1363.7538755233143,2892.982720503373
2023-12-03 14:00:00,73,1219.4482439471392,1325.145946493715,2544.594190440854
2023-12-03 14:00:00,71,1515.6706890638604,1269.4782159825863,2785.148905046447
2023-12-03 14:00:00,80,1531.1213630850436,1622.3811295774615,3153.502492662505
2023-12-03 14:00:00,220,1605.4921477464768,1555.2555527023683,3160.747700448845
2023-12-03 14:00:00,87,1779.6738714234598,920.4198820345836,2700.0937534580435
2023-12-03 14:00:00,228,1112.0985133932859,918.2613911657407,2030.3599045590267
2023-12-03 14:00:00,81,1244.8949859656673,1238.7260388054672,2483.621024771134
2023-12-03 14:00:00,78,1092.8111672994582,1244.365393536739,2337.1765608361975
2023-12-03 16:30:00,88,1915.878995215105,1408.4252667660496,3324.304261981155
2023-12-03 16:30:00,82,1409.1944192163814,1313.075429887431,2722.2698491038127
2023-12-05 19:30:00,229,1048.724406981182,1826.6875619669952,2875.411968948177
2023-12-05 19:30:00,92,956.6731317026877,1785.258846311054,2741.9319780137416
2023-12-05 20:15:00,256,986.0645468629983,896.1389288622581,1882.2034757252563
2023-12-05 20:15:00,83,1738.6851363747792,950.1479686731872,2688.8331050479665
2023-12-06 19:30:00,220,1590.8057407222982,1246.0179804347854,2836.8237211570836
2023-12-06 19:30:00,244,1552.9204223323607,1250.3484159794375,2803.2688383117984
2023-12-06 19:30:00,228,1182.2843205812128,1511.9612746692408,2694.2455952504533
2023-12-06 19:30:00,249,1008.3029826693281,1387.1391487521628,2395.442131421491
2023-12-06 19:30:00,238,827.779641603814,911.5437236084402,1739.3233652122542
2023-12-06 19:30:00,87,1788.550029849603,940.1097751478733,2728.6598049974764
2023-12-06 19:30:00,78,1093.7976226198766,1313.265731494009,2407.063354113886
2023-12-06 19:30:00,73,1231.328458946845,1324.1594911732966,2555.4879501201417
2023-12-06 20:15:00,71,1536.478025310252,1453.8500411599714,2990.3280664702233
2023-12-06 20:15:00,88,1870.4542208211833,1387.617930519658,3258.0721513408416
2023-12-06 20:15:00,89,1623.7510038880725,1598.365110985005,3222.1161148730775
2023-12-06 20:15:00,80,1555.1373816775001,1527.8589706694477,3082.996352346948
2023-12-07 19:30:00,72,1368.9762214455498,1493.3438977583658,2862.3201192039155
2023-12-07 19:30:00,86,1856.6017897485162,1411.8850057599677,3268.4867955084837
2023-12-07 20:15:00,82,1405.819641412948,1227.2497298387973,2633.069371251745
2023-12-07 20:15:00,81,1256.3712949323372,1242.1008166089007,2498.4721115412376
2023-12-09 12:30:00,78,1095.4644972098204,964.3041273795275,2059.768624589348
2023-12-09 12:30:00,87,1764.355677617949,938.4429005579295,2702.7985781758784
2023-12-09 15:00:00,220,1649.3364227555687,1788.8608823597835,3438.1973051153523
2023-12-09 15:00:00,92,953.0710956539581,1726.7281642777834,2679.7992599317413
2023-12-09 15:00:00,89,1597.6000464406363,1294.6881336161498,2892.288180056786
2023-12-09 15:00:00,73,1260.799816503992,1350.3104486207328,2611.1102651247247
2023-12-09 15:00:00,238,822.340661815815,1319.1367090229649,2141.4773708387797
2023-12-09 15:00:00,244,1484.1321292888333,1255.7873957674365,2739.91952505627
2023-12-09 15:00:00,229,1044.6902091206273,1373.0979447200466,2417.7881538406737
2023-12-09 15:00:00,249,1022.3441867014443,1391.1733466127175,2413.517533314162
2023-12-09 17:30:00,71,1471.7809447926545,952.9274096362475,2424.708354428902
2023-12-09 17:30:00,83,1735.9056954117189,1014.8450491907847,2750.750744602504
2023-12-10 14:00:00,72,1360.709026004528,1552.2150193785744,2912.9240453831026
2023-12-10 14:00:00,80,1530.7813329683734,1536.1261661104695,3066.907499078843
2023-12-10 14:00:00,228,1209.6672267094623,1251.5843692491546,2461.251595958617
2023-12-10 14:00:00,81,1246.8877422920832,1214.7179104806512,2461.605652772734
2023-12-10 14:00:00,256,972.4965742526573,1419.9216419731436,2392.4182162258007
2023-12-10 14:00:00,88,1838.1505093676979,1401.1859031299991,3239.336412497697
2023-12-10 16:30:00,82,1510.4941018316101,1435.4845353068665,2945.9786371384766
2023-12-10 16:30:00,86,1833.0022602016174,1307.2105453413055,3140.212805542923
2023-12-15 20:00:00,249,1045.290523858656,1436.2504282143757,2481.540952073032
2023-12-15 20:00:00,82,1509.728208924101,1412.538198149655,2922.266407073756
2023-12-16 15:00:00,80,1585.953397573494,1332.1997084260647,2918.1531059995586
2023-12-16 15:00:00,238,809.2776624127152,1263.9646444178443,2073.2423068305598
2023-12-16 15:00:00,88,1822.2086063828792,947.1302763412323,2769.3388827241115
2023-12-16 15:00:00,78,1112.6383482481156,980.246030364346,2092.8843786124617
2023-12-16 15:00:00,86,1907.9726830140462,1284.5974074983922,3192.5700905124386
2023-12-16 15:00:00,228,1176.6541884602248,1176.6139464367259,2353.268134896951
2023-12-16 17:30:00,92,949.1263704091368,1514.738696483048,2463.8650668921846
2023-12-16 17:30:00,72,1398.1853489000544,1556.1597446233957,2954.34509352345
2023-12-17 14:00:00,83,1783.2156034728869,1852.75228369996,3635.9678871728465
2023-12-17 14:00:00,220,1585.4450214153924,1741.5509742986155,3326.995995714008
2023-12-17 14:00:00,244,1428.7153256341035,963.4249286635235,2392.140254297627
2023-12-17 14:00:00,71,1461.2834257653785,1008.3442132909773,2469.6276390563557
2023-12-17 14:00:00,81,1235.229307203933,1399.5159871078558,2634.7452943117887
2023-12-17 14:00:00,229,1018.2721667328179,1384.7563798081967,2403.0285465410147
2023-12-17 16:30:00,87,1761.7263274840411,1363.8396974198274,3125.5660249038683
2023-12-17 16:30:00,89,1528.4484826369587,1297.3174837500576,2825.7659663870163
2023-12-21 20:00:00,78,1137.6861841582665,1780.7752239203937,2918.4614080786605
2023-12-21 20:00:00,220,1546.2207717936142,1716.5031383884645,3262.7239101820787
2023-12-22 20:00:00,71,1442.723391904534,1284.0422813168946,2726.7656732214286
2023-12-22 20:00:00,238,789.200025513665,1282.5246782786887,2071.7247037923535
2023-12-23 12:30:00,81,1238.342167338701,1329.9944582076641,2568.336625546365
2023-12-23 12:30:00,89,1495.7715081793522,1294.2046236152896,2789.976131794642
2023-12-23 15:00:00,228,1184.42136418571,1543.2812489537205,2727.7026131394305
2023-12-23 15:00:00,92,920.5838179384643,1506.9715207575628,2427.5553386960273
2023-12-23 15:00:00,256,997.0800460508327,1306.2224391863876,2303.3024852372205
2023-12-23 15:00:00,86,1886.3476513260507,1260.0139357002167,3146.3615870262674
2023-12-23 15:00:00,249,1031.9935317752381,1329.6497540636483,2361.643285838886
2023-12-23 15:00:00,73,1281.4605110610764,1363.6074407041506,2645.067951765227
2023-12-23 15:00:00,82,1514.049140714166,1538.1924487647677,3052.2415894789337
2023-12-23 15:00:00,72,1416.1526447586823,1551.8388128333306,2967.991457592013
2023-12-23 17:30:00,87,1745.7637903775465,1892.696577612524,3638.46036799007
2023-12-23 17:30:00,83,1743.2713095603228,1868.7148208064546,3611.9861303667776
2023-12-24 13:00:00,229,1039.862411105795,1330.8846731735543,2370.747084279349
2023-12-24 13:00:00,80,1587.2684328260043,1310.6094640530878,2897.877896879092
2023-12-26 12:30:00,86,1910.2170857121844,1262.0111591195455,3172.22824483173
2023-12-26 12:30:00,249,1099.632126719341,1305.7803196775146,2405.4124463968556
2023-12-26 15:00:00,73,1311.4696786217773,1578.508189818079,2889.977868439856
2023-12-26 15:00:00,228,1149.1944233213515,1513.2720813930196,2662.466504714371
2023-12-26 15:00:00,238,886.8177146416334,1322.4432490930883,2209.260963734722
2023-12-26 15:00:00,256,980.859236144132,1208.6047500584193,2189.4639862025515
2023-12-26 17:30:00,92,929.3249008958195,1894.6109702663477,2823.935871162167
2023-12-26 17:30:00,87,1743.8493977237226,1883.9554946551689,3627.8048923788915
2023-12-26 20:00:00,89,1476.1047411941688,1278.1298279802324,2754.2345691744013
2023-12-26 20:00:00,71,1448.6358452411962,1303.709048302078,2752.3448935432743
2023-12-27 19:30:00,244,1464.110814368303,1320.9551166626804,2785.0659310309834
2023-12-27 19:30:00,229,1049.791967616669,1295.4891844393549,2345.2811520560235
2023-12-27 19:30:00,80,1637.4181079956131,1793.1596314682029,3430.577739463816
2023-12-27 19:30:00,78,1125.3017766104574,1730.625548750785,2855.9273253612423
2023-12-27 20:15:00,72,1379.8820877414805,928.3428898776443,2308.2249776191247
2023-12-27 20:15:00,88,1840.9959928464673,983.4008333584339,2824.396826204901
2023-12-28 19:30:00,220,1630.4316483585449,1511.3195862038474,3141.7512345623923
2023-12-28 19:30:00,82,1540.9220032750864,1453.981572199837,2994.9035754749234
2023-12-28 20:15:00,83,1772.873978009322,1308.2827047070975,3081.1566827164197
2023-12-28 20:15:00,81,1260.0539208392677,1300.391789758665,2560.4457105979327
2023-12-30 12:30:00,256,1046.394688507175,1809.632169010157,2856.0268575173322
2023-12-30 12:30:00,80,1620.945570453659,1727.6241791051598,3348.569749558819
2023-12-30 15:00:00,71,1512.6783007351348,1892.81159227829,3405.489893013425
2023-12-30 15:00:00,92,931.1242788838773,1830.5685147724091,2761.6927936562865
2023-12-30 15:00:00,78,1137.280509592525,1320.2960065907296,2457.5765161832546
2023-12-30 15:00:00,244,1464.7699244402538,1308.9763836806128,2773.7463081208666
2023-12-30 15:00:00,88,1846.5441040562634,1361.664130629216,3208.2082346854795
2023-12-30 15:00:00,238,847.5968331055058,1316.8951378832921,2164.491970988798
2023-12-30 15:00:00,229,1083.9392179369672,967.1535713649729,2051.0927893019402
2023-12-30 15:00:00,72,1341.071406254152,894.1956395573461,2235.267045811498
2023-12-30 17:30:00,249,1079.9700450046455,1315.704943327219,2395.6749883318644
2023-12-30 17:30:00,89,1438.5296258471822,1297.7919096949279,2736.32153554211
2023-12-31 14:00:00,228,1156.779308909848,1311.8188072425833,2468.5981161524314
2023-12-31 14:00:00,83,1769.3378754738362,1300.697819118601,3070.0356945924373
2023-12-31 14:00:00,82,1565.6175284970127,1570.2529439116245,3135.8704724086374
2023-12-31 14:00:00,73,1319.724924528232,1553.8126645961527,2873.537589124385
2024-01-01 19:00:00,87,1909.4064559696096,1283.968833664114,3193.3752896337237
2024-01-01 19:00:00,86,1888.2594111676158,1096.4541008736585,2984.713512041274
2024-01-02 18:30:00,81,1250.4233347004433,1501.43760374271,2751.8609384431534
2024-01-02 18:30:00,220,1640.3136308196822,1520.9501723426717,3161.2638031623537
2024-01-12 19:45:00,92,958.0675139886862,1805.7537878709513,2763.8213018596375
2024-01-12 19:45:00,256,1050.2730696463807,1782.6889339053482,2832.962003551729
2024-01-13 12:30:00,80,1627.8622078892893,1322.8535324409943,2950.7157403302836
2024-01-13 12:30:00,228,1145.744583711437,1304.902169806953,2450.64675351839
2024-01-13 17:30:00,86,1857.8857143425735,1360.6430939514694,3218.528808294043
2024-01-13 17:30:00,88,1847.5651407340101,1392.0378274542584,3239.6029681882683
2024-01-14 14:00:00,72,1340.1310356328559,1935.7954318728262,3275.926467505682
2024-01-14 14:00:00,71,1469.6944611405986,1893.751962899586,3363.446424040185
2024-01-14 16:30:00,89,1422.295894974334,1588.1562964941581,3010.452191468492
2024-01-14 16:30:00,82,1547.714175914479,1586.4866747844726,3134.2008506989514
2024-01-20 12:30:00,83,1823.7522193155778,1357.1405567543993,3180.892776069977
2024-01-20 12:30:00,78,1100.4359594288553,1265.881662748988,2366.317622177843
2024-01-20 17:30:00,244,1474.5707445749883,1316.2472453594169,2790.817989934405
2024-01-20 17:30:00,249,1079.4277429724477,1305.9041231924846,2385.3318661649323
2024-01-21 14:00:00,238,911.2028833139383,1465.444291369253,2376.647174683191
2024-01-21 14:00:00,81,1286.4166470739003,1437.8315535342774,2724.2482006081777
2024-01-21 16:30:00,73,1294.266187196055,1295.123024443299,2589.389211639354
2024-01-21 16:30:00,87,1898.2522651904246,1309.427570996291,3207.679836186716
2024-01-22 19:45:00,220,1598.0520486037374,964.5561212608324,2562.60816986457
2024-01-22 19:45:00,229,1086.5366680411078,1009.4151535809177,2095.9518216220254
2024-01-30 19:30:00,249,1059.2160563983086,1382.462438343522,2441.678494741831
2024-01-30 19:30:00,83,1798.430337726455,1377.3522433285384,3175.7825810549934
2024-01-30 19:45:00,228,1199.283094708999,1889.2591673340369,3088.542262043036
2024-01-30 19:45:00,72,1386.6673001716451,1882.256920875264,3268.924221046909
2024-01-30 19:45:00,256,1122.2665862270742,976.4714663835165,2098.738052610591
2024-01-30 19:45:00,220,1586.1367034810532,892.562604680139,2478.699308161192
2024-01-30 20:00:00,78,1101.6497124240025,1476.6495863839161,2578.2992988079186
2024-01-30 20:00:00,238,899.9975882992753,1464.230538374106,2364.228126673381
2024-01-30 20:15:00,71,1463.38112690539,1294.0139742606007,2757.3951011659906
2024-01-30 20:15:00,86,1924.5148340334422,1366.956428186678,3291.4712622201205
2024-01-31 19:30:00,82,1605.2479168388375,1308.9685897202548,2914.2165065590925
2024-01-31 19:30:00,244,1481.8494002141504,1258.7135044350584,2740.5629046492086
2024-01-31 19:30:00,88,1858.8269569331162,1789.238150085633,3648.065107018749
2024-01-31 19:30:00,92,974.5831517740046,1794.4919716718452,2769.07512344585
2024-01-31 20:15:00,87,1952.6212022750778,1372.7785920130707,3325.3997942881488
2024-01-31 20:15:00,80,1577.9371483172129,1268.484595356341,2846.421743673554
2024-02-01 19:30:00,81,1280.0404584396736,1302.8758838484541,2582.9163422881275
2024-02-01 19:30:00,73,1286.5133277909,1301.4992130775258,2588.0125408684257
2024-02-01 20:15:00,229,1131.531823756872,1548.0726183655493,2679.6044421224215
2024-02-01 20:15:00,89,1462.379573102943,1543.161140778394,3005.540713881337
2024-02-03 12:30:00,72,1446.7790888607326,1321.8161325290894,2768.5952213898217
2024-02-03 12:30:00,82,1592.4003740300027,1248.8568010311674,2841.25717506117
2024-02-03 15:00:00,220,1597.4655993431004,1534.6184155983856,3132.084014941486
2024-02-03 15:00:00,78,1043.680883209533,1465.320690521869,2509.001573731402
2024-02-03 15:00:00,92,982.8810799523042,1878.9779328553648,2861.859012807669
2024-02-03 15:00:00,228,1209.564329187671,1880.9612391557373,3090.5255683434084
2024-02-03 15:00:00,86,1903.5340207303223,924.5186030338785,2828.0526237642007
2024-02-03 15:00:00,256,1174.2194495767121,997.4522796866363,2171.6717292633484
2024-02-03 17:30:00,238,917.4423747208232,1240.337248442631,2157.7796231634543
2024-02-03 17:30:00,71,1517.0578527233595,1276.5691878390528,2793.6270405624123
2024-02-04 14:00:00,73,1279.083170644446,1409.9742336848992,2689.0574043293454
2024-02-04 14:00:00,249,1031.7042610569315,1389.892595489976,2421.5968565469075
2024-02-04 14:00:00,80,1607.8435312576862,1506.6039129357628,3114.447444193449
2024-02-04 14:00:00,229,1173.0005291866585,1518.166235425076,2691.1667646117344
2024-02-04 14:00:00,89,1436.588220024791,1305.1632741549183,2741.7514941797094
2024-02-04 14:00:00,81,1277.7530681332094,1328.667236926606,2606.4203050598153
2024-02-04 16:30:00,83,1830.3803824275508,1429.818517658938,3260.1989000864887
2024-02-04 16:30:00,87,1895.5812766292106,1340.828547311975,3236.4098239411856
2024-02-05 20:00:00,244,1468.2932048581297,1793.1009848654398,3261.3941897235695
2024-02-05 20:00:00,88,1854.9641221533093,1802.7943454416536,3657.758467594963
2024-02-10 12:30:00,88,1836.4130496347586,1358.237637625256,3194.650687260015
2024-02-10 12:30:00,72,1410.357583764566,1340.36720504764,2750.724788812206
2024-02-10 15:00:00,228,1226.081342386228,1352.8747613966798,2578.956103782908
2024-02-10 15:00:00,73,1336.1826429326654,1393.4572204863423,2729.6398634190077
2024-02-10 15:00:00,87,1954.4083526625082,1878.557817753873,3832.966170416381
2024-02-10 15:00:00,92,983.3011950537959,1820.1508568220672,2803.452051875863
2024-02-10 15:00:00,256,1186.5353901859235,1218.62379794433,2405.1591881302534
2024-02-10 15:00:00,238,939.1558252191244,1228.0213078334198,2167.1771330525444
2024-02-10 15:00:00,82,1612.301228230291,1549.9495014631707,3162.250729693462
2024-02-10 15:00:00,220,1582.1345134783153,1514.7175613980974,3096.8520748764126
2024-02-10 15:00:00,229,1175.7562785652187,1778.7601597020098,2954.5164382672283
2024-02-10 15:00:00,244,1482.6340300215597,1790.3452354868796,3272.9792655084393
2024-02-10 17:30:00,249,1006.2943779661738,980.0650601006192,1986.359438066793
2024-02-10 17:30:00,86,1847.9875636635816,949.9284861246363,2797.9160497882176
2024-02-11 14:00:00,81,1236.3744686496127,1360.2477789251407,2596.6222475747536
2024-02-11 14:00:00,83,1899.951121161348,1471.1971171425346,3371.148238303883
2024-02-11 16:30:00,71,1549.5738980677402,1277.8794600298045,2827.453358097545
2024-02-11 16:30:00,89,1463.872034149905,1272.6472288105376,2736.5192629604426
2024-02-12 20:00:00,78,1032.1756394040644,1520.154884848614,2552.3305242526785
2024-02-12 20:00:00,80,1594.292559344835,1518.1091567412313,3112.4017160860662
2024-02-17 12:30:00,244,1501.0415196106646,1826.2835334811725,3327.325053091837
2024-02-17 12:30:00,87,2006.6826369352086,1860.150328164768,3866.8329650999767
2024-02-17 15:00:00,92,959.2744666395488,1448.157621054735,2407.432087694284
2024-02-17 15:00:00,83,1922.9906172491476,1495.2238455567817,3418.2144628059295
2024-02-17 15:00:00,228,1225.3167616959222,1283.1037866368974,2508.4205483328196
2024-02-17 15:00:00,71,1544.3495714606472,1278.6440407201103,2822.9936121807577
2024-02-17 15:00:00,86,1862.2063605357637,1394.4990928112773,3256.705453347041
2024-02-17 15:00:00,73,1335.1407706077305,1379.2384236141602,2714.3791942218904
2024-02-17 15:00:00,249,1062.4449700199548,1409.6494368717572,2472.094406891712
2024-02-17 15:00:00,81,1186.9728107029962,1304.0971868713598,2491.069997574356
2024-02-17 15:00:00,82,1620.8711058176186,1755.7905659100609,3376.6616717276793
2024-02-17 15:00:00,229,1198.7258723571676,1770.190282114682,2968.91615447185
2024-02-17 17:30:00,88,1871.0674804144542,1515.6490071979842,3386.7164876124384
2024-02-17 17:30:00,80,1596.752708888082,1483.4547259615358,3080.207434849618
2024-02-18 14:00:00,238,926.7784263031307,1463.491404549771,2390.2698308529016
2024-02-18 14:00:00,220,1633.3606703266416,1527.0949603140912,3160.455630640733
2024-02-18 16:30:00,256,1192.7934622773785,1208.2844575342644,2401.077919811643
2024-02-18 16:30:00,89,1528.2348054261781,1266.3891567190826,2794.6239621452605
2024-02-19 20:00:00,72,1448.3095599236176,1535.289967212587,2983.5995271362044
2024-02-19 20:00:00,78,1017.0405570400916,1482.2029086895625,2499.243465729654
2024-02-20 18:30:00,88,1907.0990576738982,1861.626329507294,3768.725387181192
2024-02-20 18:30:00,244,1465.6987235845431,1790.2519562217285,3255.9506798062716
2024-02-21 15:00:00,87,2050.3097743254048,1208.476714564568,3258.786488889973
2024-02-21 15:00:00,256,1192.6012052470749,1164.6573201440683,2357.258525391143
2024-02-24 15:00:00,71,1610.7795199871975,1373.3140261687229,2984.09354615592
2024-02-24 15:00:00,249,1098.780380722989,1343.2194883452069,2441.999869068196
2024-02-24 15:00:00,220,1635.4480776508242,1576.1844362850752,3211.6325139358996
2024-02-24 15:00:00,72,1407.4150908511294,1533.2025598884045,2940.617650739534
2024-02-24 15:00:00,78,1066.0966971844728,1480.3693791072076,2546.46607629168
2024-02-24 15:00:00,92,927.0627085870763,1399.101480910354,2326.16418949743
2024-02-24 15:00:00,89,1534.4913162406322,1294.3664218850097,2828.857738125642
2024-02-24 15:00:00,228,1214.05412644781,1276.8472758224434,2490.901402270253
2024-02-24 17:30:00,73,1329.7444860838466,1871.6241909583182,3201.3686770421646
2024-02-24 17:30:00,88,1897.101196222874,1867.022614031178,3764.123810254052
2024-02-24 20:00:00,83,1941.886492354677,1453.9272360860757,3395.813728440753
2024-02-24 20:00:00,86,1802.7782172609652,1375.6032177057477,3178.3814349667127
2024-02-25 13:30:00,229,1198.2776879979185,1468.2066493004859,2666.484337298404
2024-02-25 13:30:00,238,922.0631815524159,1463.9395889090201,2386.002770461436
2024-02-26 20:00:00,81,1225.6440119490785,1802.8176656756154,3028.461677624694
2024-02-26 20:00:00,244,1453.1330141306562,1751.5807549756462,3204.7137691063026
2024-03-02 15:00:00,244,1489.2719703897535,1455.1986864377636,2944.470656827517
2024-03-02 15:00:00,80,1625.0087484118542,1447.3157697024385,3072.324518114293
2024-03-02 15:00:00,72,1477.6056285793447,1767.524052086287,3245.129680665632
2024-03-02 15:00:00,81,1260.937625538407,1732.6271279474001,2993.564753485807
2024-03-02 15:00:00,228,1221.9981327613955,1603.8789820384015,2825.877114799797
2024-03-02 15:00:00,220,1607.7535318974979,1568.2404299714897,3175.9939618689878
2024-03-02 15:00:00,86,1856.531020961014,1496.9659619523015,3353.4969829133156
2024-03-02 15:00:00,229,1169.5183753461029,1414.453845600437,2583.97222094654
2024-03-02 15:00:00,249,1084.6548664175607,1243.2898604041382,2327.944726821699
2024-03-02 15:00:00,87,2015.4966284858347,1222.6022288699965,3238.098857355831
2024-03-02 15:00:00,82,1657.5959705983682,1503.1536524693445,3160.7496230677125
2024-03-02 15:00:00,78,1043.3124238223359,1443.644514326458,2486.9569381487936
2024-03-02 17:30:00,256,1233.2993234431315,1372.907776061371,2606.2070995045024
2024-03-02 17:30:00,71,1611.1857700945495,1332.6159079726663,2943.801678067216
2024-03-03 13:00:00,92,958.0811054247998,1871.245514543224,2829.326619968024
2024-03-03 13:00:00,73,1330.1231624989407,1840.6057941205945,3170.728956619535
2024-03-03 15:30:00,88,1913.0578317871625,1333.2130964693824,3246.2709282565447
2024-03-03 15:30:00,89,1495.6446416562594,1278.4097863207212,2774.0544279769806
2024-03-04 20:00:00,238,895.0664944603797,1436.5313126356373,2331.597807096017
2024-03-04 20:00:00,83,1959.2824158051155,1480.923923178112,3440.2063389832274
